"track_id","locale","setting_name","setting_value","setting_type"
"18","pt_BR","title","LINGUÍSTICA, LETRAS E ARTES","string"
"18","pt_BR","abbrev","LLA","string"
"3","pt_BR","title","CIÊNCIAS EXATAS E DA TERRA II","string"
"3","pt_BR","abbrev","CET-II","string"
"3","pt_BR","policy","<p>SUB-&Aacute;REA</p><p>CI&Ecirc;NCIA DA COMPUTA&Ccedil;&Atilde;O</p>","string"
"3","pt_BR","identifyType","\N","string"
"12","pt_BR","title","ENGENHARIAS II","string"
"12","pt_BR","abbrev","ENG-II","string"
"12","pt_BR","policy","<p>SUB-&Aacute;REAS</p><ul><li>ENGENHARIA DE MINAS</li><li>ENGENHARIA DE MATERIAIS E METAL&Uacute;RGICA</li><li>ENGENHARIA QU&Iacute;MICA</li><li>ENGENHARIA NUCLEAR</li></ul>","string"
"12","pt_BR","identifyType","\N","string"
"15","pt_BR","title","CIÊNCIAS DA SAÚDE","string"
"15","pt_BR","abbrev","CS","string"
"15","pt_BR","policy","<p>SUB-&Aacute;REAS</p><ul><li>MEDICINA</li><li>ODONTOLOGIA</li><li>FARM&Aacute;CIA</li><li>ENFERMAGEM</li><li>SA&Uacute;DE COLETIVA</li><li>EDUCA&Ccedil;&Atilde;O F&Iacute;SICA</li></ul>","string"
"15","pt_BR","identifyType","\N","string"
"4","pt_BR","title","CIÊNCIAS EXATAS E DA TERRA III","string"
"4","pt_BR","abbrev","CET-III","string"
"4","pt_BR","policy","<p>SUB-&Aacute;REAS</p><ul><li>ASTRONOMIA</li><li>F&Iacute;SICA</li></ul>","string"
"4","pt_BR","identifyType","\N","string"
"9","pt_BR","title","CIÊNCIAS BIOLÓGICAS III","string"
"9","pt_BR","abbrev","CB-III","string"
"9","pt_BR","policy","<div>SUB-&Aacute;REAS</div><ul><li>IMUNOLOGIA</li><li>MICROBIOLOGIA</li><li>PARASITOLOGIA</li></ul>","string"
"9","pt_BR","identifyType","\N","string"
"16","pt_BR","title","CIÊNCIAS AGRÁRIAS","string"
"16","pt_BR","abbrev","CA","string"
"16","pt_BR","policy","<p>SUB-&Aacute;REAS</p><ul><li>AGRONOMIA</li><li>RECURSOS FLORESTAIS E ENGENHARIA FLORESTAL</li><li>ENGENHARIA AGR&Iacute;COLA</li><li>ZOOTECNIA</li><li>RECURSOS PESQUEIROS E ENGENHARIA DE PESCA</li><li>MEDICINA VETERIN&Aacute;RIA</li><li>CI&Ecirc;NCIA E TECNOLOGIA DE ALIMENTOS</li></ul>","string"
"16","pt_BR","identifyType","\N","string"
"10","pt_BR","title","CIÊNCIAS BIOLÓGICAS IV","string"
"10","pt_BR","abbrev","CB-IV","string"
"10","pt_BR","policy","ECOLOGIA<br />","string"
"10","pt_BR","identifyType","\N","string"
"13","pt_BR","title","ENGENHARIAS III","string"
"13","pt_BR","abbrev","ENG-III","string"
"13","pt_BR","policy","<p>SUB-&Aacute;REAS</p><ul><li>ENGENHARIA MEC&Acirc;NICA</li><li>ENGENHARIA DE PRODU&Ccedil;&Atilde;O</li><li>ENGENHARIA NAVAL E OCE&Acirc;NICA</li><li>ENGENHARIA AEROESPACIAL</li></ul>","string"
"13","pt_BR","identifyType","\N","string"
"8","pt_BR","title","CIÊNCIAS BIOLÓGICAS II","string"
"8","pt_BR","abbrev","CB-II","string"
"8","pt_BR","policy","<p>SUB-&Aacute;REAS</p><ul><li>MORFOLOGIA</li><li>FISIOLOGIA</li><li>BIOQU&Iacute;MICA</li><li>BIOF&Iacute;SICA</li><li>FARMACOLOGIA</li></ul>","string"
"8","pt_BR","identifyType","\N","string"
"2","pt_BR","title","CIÊNCIAS EXATAS E DA TERRA I","string"
"2","pt_BR","abbrev","CET-I","string"
"2","pt_BR","identifyType","\N","string"
"2","pt_BR","policy","<p>SUB-&Aacute;REAS</p><ul><li>MATEM&Aacute;TICA</li><li>PROBABILIDADE E ESTAT&Iacute;STICA</li></ul>","string"
"5","pt_BR","title","CIÊNCIAS EXATAS E DA TERRA IV","string"
"5","pt_BR","abbrev","CET-IV","string"
"5","pt_BR","policy","<p>SUB-&Aacute;REA</p><ul><li>QU&Iacute;MICA</li></ul>","string"
"5","pt_BR","identifyType","\N","string"
"6","pt_BR","title","CIÊNCIAS EXATAS E DA TERRA V","string"
"6","pt_BR","abbrev","CET-V","string"
"6","pt_BR","policy","<p>SUB-&Aacute;REA</p><ul><li>GEOCI&Ecirc;NCIAS</li></ul>","string"
"6","pt_BR","identifyType","\N","string"
"11","pt_BR","title","ENGENHARIAS I","string"
"11","pt_BR","abbrev","ENG-I","string"
"11","pt_BR","policy","<p>SUB-&Aacute;REAS</p><ul><li>ENGENHARIA CIVIL</li><li>ENGENHARIA SANIT&Aacute;RIA</li><li>ENGENHARIA DE TRANSPORTES</li></ul>","string"
"11","pt_BR","identifyType","\N","string"
"14","pt_BR","title","ENGENHARIAS IV","string"
"14","pt_BR","abbrev","ENG-IV","string"
"14","pt_BR","policy","<p>SUB-&Aacute;REAS</p><ul><li>ENGENHARIA EL&Eacute;TRICA</li><li>ENGENHARIA BIOM&Eacute;DICA</li></ul><p>&nbsp;</p>","string"
"14","pt_BR","identifyType","\N","string"
"18","pt_BR","policy","<p>SUB-&Aacute;REAS</p><ul><li>LINGU&Iacute;STICA</li><li>LETRAS</li><li>ARTES</li></ul>","string"
"18","pt_BR","identifyType","\N","string"
"19","pt_BR","title","MULTIDISCIPLINAR","string"
"19","pt_BR","abbrev","MULT","string"
"19","pt_BR","policy","<p>SUB-&Aacute;REAS</p><ul><li>MEIO AMBIENTE E AGR&Aacute;RIAS</li><li>SOCIAIS E HUMANIDADES</li><li>ENGENHARIA/TECNOLOGIA/GEST&Atilde;O</li><li>SA&Uacute;DE E BIOL&Oacute;GICAS</li><li>ENSINO DE CI&Ecirc;NCIAS E MATEM&Aacute;TICA</li><li>BIOTECNOLOGIA</li></ul>","string"
"19","pt_BR","identifyType","\N","string"
"20","pt_BR","title","Minicursos do CONNEPI 2010","string"
"20","pt_BR","abbrev","Minicursos","string"
"7","pt_BR","title","CIÊNCIAS BIOLÓGICAS I","string"
"7","pt_BR","abbrev","CB-I","string"
"7","pt_BR","policy","<p>SUB-&Aacute;REAS</p><ul><li>OCEANOGRAFIA</li><li>BIOLOGIA GERAL</li><li>GEN&Eacute;TICA</li><li>BOT&Acirc;NICA</li><li>ZOOLOGIA</li></ul>","string"
"7","pt_BR","identifyType","\N","string"
"60","pt_BR","policy","<object id=""ebbbbbaa-1b78-9fbb-187b-d8b329b692bb"" width=""0"" height=""0"" type=""application/gas-events-abn""></object>","string"
"60","pt_BR","identifyType","\N","string"
"63","pt_BR","title","LINGUÍSTICA, LETRAS E ARTES","string"
"63","pt_BR","abbrev","LLA","string"
"63","pt_BR","policy","<object id=""389bcbaa-5bc9-8194-3b8a-9a8728b0abaf"" width=""0"" height=""0"" type=""application/gas-events-abn""></object>","string"
"63","pt_BR","identifyType","\N","string"
"64","pt_BR","title","MEIO AMBIENTE","string"
"62","pt_BR","title","ENGENHARIAS","string"
"62","pt_BR","abbrev","ENG","string"
"62","pt_BR","policy","<object id=""5b48795a-2b69-89a5-1a6b-78b1f993b2ad"" width=""0"" height=""0"" type=""application/gas-events-abn""></object>","string"
"20","pt_BR","policy","<h1><span style=""font-weight: normal; font-size: 10px;""><strong>Temas</strong></span></h1> <p>Poder&atilde;o ser submetidos minicursos cobrindo os temas sugeridos na Chamada de Trabalhos do CONNEPI 2010. A lista n&atilde;o exaustiva de t&oacute;picos de interesse segue tamb&eacute;m as &aacute;reas tem&aacute;ticas definidas de acordo com a classifica&ccedil;&atilde;o da CAPES/CNPq.</p> <p><strong>Livro Texto</strong></p> <p>Os autores dos cursos selecionados dever&atilde;o produzir um cap&iacute;tulo para poss&iacute;vel publica&ccedil;&atilde;o no livro ""Minicursos do CONNEPI 2010"", livro este que ser&aacute; distribu&iacute;do entre os participantes dos minicursos. O cap&iacute;tulo dever&aacute; ser redigido em Portugu&ecirc;s e conter entre 10 a 20 p&aacute;ginas (seguindo o mesmo formato dos artigos cient&iacute;ficos).<strong></strong></p> <p><strong>Formato das Propostas</strong><br /> Professores e pesquisadores interessados em ministrar um minicurso devem submeter proposta de 2 a 4 p&aacute;ginas, contendo as informa&ccedil;&otilde;es enumeradas a seguir. O documento com a proposta e os CVs deve ser organizado em apenas um arquivo.<strong></strong></p> <ol><li><strong>1.&nbsp;&nbsp;&nbsp;&nbsp;&nbsp;&nbsp; </strong><strong>Dados de Identifica&ccedil;&atilde;o</strong></li></ol> <p>1.1.&nbsp;&nbsp;&nbsp; T&iacute;tulo do minicurso</p> <p>1.2.&nbsp;&nbsp;&nbsp; Autor(es): institui&ccedil;&atilde;o(&ccedil;&otilde;es), endere&ccedil;o(s), telefone(s), e-mail(s)</p> <p>1.3.&nbsp;&nbsp;&nbsp; Indica&ccedil;&atilde;o do autor que apresentar&aacute; o curso</p> <ol><li><strong>2.&nbsp;&nbsp;&nbsp;&nbsp;&nbsp;&nbsp; </strong><strong>Dados Gerais</strong></li></ol> <p>2.1.&nbsp;&nbsp;&nbsp; Objetivos do curso e tratamento dado ao tema (ex: te&oacute;rico ou pr&aacute;tico, apanhado geral de resultados ou aprofundamento de aspectos espec&iacute;ficos, apresenta&ccedil;&atilde;o ou compara&ccedil;&atilde;o de tecnologias, forma&ccedil;&atilde;o de novas habilidades ou informa&ccedil;&atilde;o, etc.)</p> <p>2.2.&nbsp;&nbsp;&nbsp; Perfil do p&uacute;blico alvo</p> <ol><li><strong>Estrutura prevista do texto</strong> (esbo&ccedil;o do curso, t&oacute;picos/cap&iacute;tulos cobertos)</li><li>Para cada t&oacute;pico/cap&iacute;tulo previsto no item 3, informar <strong>um resumo do conte&uacute;do a ser abordado</strong> e previs&atilde;o do n&uacute;mero de p&aacute;ginas</li><li><strong>Bibliografia principal</strong> utilizada na prepara&ccedil;&atilde;o do curso (m&aacute;ximo de 1 p&aacute;gina)</li><li><strong>Curriculum Vitae</strong> resumido dos autores (m&aacute;ximo de 1 p&aacute;gina por autor)</li></ol> <p><strong>Submiss&atilde;o das Propostas</strong></p> <p>A submiss&atilde;o de propostas ser&aacute; exclusivamente eletr&ocirc;nica, em um &uacute;nico arquivo no formato PDF. Para tal, autores devem usar o sistema OCS, dispon&iacute;vel em&nbsp;</p> <p><a href=""/ocs/index.php/connepi/CONNEPI2010/about/submissions#onlineSubmissions"">http://connepi.ifal.edu.br/ocs/index.php/connepi/CONNEPI2010/about/submissions#onlineSubmissions</a></p>","string"
"20","pt_BR","identifyType","\N","string"
"17","pt_BR","title","CIÊNCIAS SOCIAIS APLICADAS","string"
"17","pt_BR","abbrev","CSA","string"
"17","pt_BR","policy","<p>SUB-&Aacute;REAS:</p><ul><li>DIREITO</li><li>ADMINISTRA&Ccedil;&Atilde;O</li><li>TURISMO</li><li>ECONOMIA</li><li>ARQUITETURA E URBANISMO</li><li>PLANEJAMENTO URBANO E REGIONAL</li><li>DEMOGRAFIA</li><li>CI&Ecirc;NCIA DA INFORMA&Ccedil;&Atilde;O</li><li>MUSEOLOGIA</li><li>COMUNICA&Ccedil;&Atilde;O</li><li>SERVI&Ccedil;O SOCIAL</li><li>CI&Ecirc;NCIAS HUMANAS</li><li>FILOSOFIA</li><li>TEOLOGIA</li><li>SOCIOLOGIA</li><li>ANTROPOLOGIA</li><li>ARQUEOLOGIA</li><li>HIST&Oacute;RIA</li><li>GEOGRAFIA</li><li>PSICOLOGIA</li><li>EDUCA&Ccedil;&Atilde;O</li><li>CI&Ecirc;NCIA POL&Iacute;TICA</li></ul>","string"
"17","pt_BR","identifyType","\N","string"
"41","pt_BR","policy","\N","string"
"42","pt_BR","title","PIBIC","string"
"32","pt_BR","title","Ciências Exatas e da Terra","string"
"32","pt_BR","abbrev","CET","string"
"32","pt_BR","policy","\N","string"
"32","pt_BR","identifyType","\N","string"
"42","pt_BR","abbrev","PIBIC","string"
"23","pt_BR","title","PIBIC","string"
"23","pt_BR","abbrev","PIBIC","string"
"23","pt_BR","policy","\N","string"
"23","pt_BR","identifyType","\N","string"
"42","pt_BR","policy","\N","string"
"42","pt_BR","identifyType","\N","string"
"43","pt_BR","title","Submissões gerais","string"
"33","pt_BR","title","Ciências Biológicas","string"
"33","pt_BR","abbrev","CB","string"
"33","pt_BR","policy","\N","string"
"33","pt_BR","identifyType","\N","string"
"34","pt_BR","title","Engenharias","string"
"34","pt_BR","abbrev","ENG","string"
"34","pt_BR","policy","\N","string"
"34","pt_BR","identifyType","\N","string"
"35","pt_BR","title","Ciências da Saúde","string"
"43","pt_BR","abbrev","GEN","string"
"43","pt_BR","policy","\N","string"
"35","pt_BR","abbrev","CS","string"
"35","pt_BR","policy","\N","string"
"35","pt_BR","identifyType","\N","string"
"36","pt_BR","title","Ciências Agrárias","string"
"36","pt_BR","abbrev","CA","string"
"36","pt_BR","policy","\N","string"
"36","pt_BR","identifyType","\N","string"
"37","pt_BR","title","Ciências Sociais Aplicadas","string"
"37","pt_BR","abbrev","CSA","string"
"37","pt_BR","policy","\N","string"
"37","pt_BR","identifyType","\N","string"
"38","pt_BR","title","Ciências Humanas","string"
"38","pt_BR","abbrev","CH","string"
"38","pt_BR","policy","\N","string"
"38","pt_BR","identifyType","\N","string"
"39","pt_BR","title","Linguística, Letras e Artes","string"
"39","pt_BR","abbrev","LLA","string"
"39","pt_BR","policy","\N","string"
"39","pt_BR","identifyType","\N","string"
"40","pt_BR","title","Outros","string"
"40","pt_BR","abbrev","OUT","string"
"40","pt_BR","policy","\N","string"
"40","pt_BR","identifyType","\N","string"
"41","pt_BR","title","Submissões gerais","string"
"41","pt_BR","abbrev","GEN","string"
"48","pt_BR","policy","<object id=""ca0b59b9-e85a-9b83-b87a-2989f9af8eb9"" width=""0"" height=""0"" type=""application/gas-events-abn""></object>","string"
"48","pt_BR","abbrev","CA","string"
"48","pt_BR","identifyType","\N","string"
"49","pt_BR","abbrev","CB","string"
"49","pt_BR","policy","<object id=""187a2b88-48ab-8983-aaca-cb9658868d95"" width=""0"" height=""0"" type=""application/gas-events-abn""></object>","string"
"49","pt_BR","identifyType","\N","string"
"47","pt_BR","identifyType","\N","string"
"48","pt_BR","title","CIÊNCIAS AGRÁRIAS","string"
"49","pt_BR","title","CIÊNCIAS BIOLÓGICAS","string"
"56","pt_BR","policy","<object id=""9959a9c9-9849-b9bf-8b1a-c9b24a998692"" width=""0"" height=""0"" type=""application/gas-events-abn""></object>","string"
"56","pt_BR","identifyType","\N","string"
"57","pt_BR","title","CIÊNCIAS AGRÁRIAS","string"
"57","pt_BR","abbrev","CA","string"
"57","pt_BR","policy","<object id=""bb4a0a5b-19eb-a9a2-9bab-2b973a99989c"" width=""0"" height=""0"" type=""application/gas-events-abn""></object>","string"
"57","pt_BR","identifyType","\N","string"
"58","pt_BR","title","CIÊNCIAS BIOLÓGICAS","string"
"58","pt_BR","abbrev","CB","string"
"58","pt_BR","policy","<object id=""f8eb488a-d889-b8a1-69eb-e9933bb19c91"" width=""0"" height=""0"" type=""application/gas-events-abn""></object>","string"
"58","pt_BR","identifyType","\N","string"
"59","pt_BR","identifyType","\N","string"
"60","pt_BR","title","CIÊNCIAS HUMANAS","string"
"60","pt_BR","abbrev","CH","string"
"62","pt_BR","identifyType","\N","string"
"64","pt_BR","abbrev","MA","string"
"64","pt_BR","policy","<object id=""7afadbdb-eb58-aca5-49cb-b8b52ab2aab9"" width=""0"" height=""0"" type=""application/gas-events-abn""></object>","string"
"64","pt_BR","identifyType","\N","string"
"51","pt_BR","abbrev","CH","string"
"51","pt_BR","policy","<object id=""3a5bab79-5b78-aeb5-298a-389ee9b0b1ad"" width=""0"" height=""0"" type=""application/gas-events-abn""></object>","string"
"51","pt_BR","identifyType","\N","string"
"54","pt_BR","title","LINGUÍSTICA, LETRAS E ARTES","string"
"54","pt_BR","abbrev","LLA","string"
"54","pt_BR","policy","<object id=""abdb98ab-4a3b-9cb7-092a-faac9bb699ba"" width=""0"" height=""0"" type=""application/gas-events-abn""></object>","string"
"54","pt_BR","identifyType","\N","string"
"55","pt_BR","title","MEIO AMBIENTE","string"
"59","pt_BR","title","CIÊNCIAS DA SAÚDE","string"
"59","pt_BR","abbrev","CS","string"
"59","pt_BR","policy","<object id=""fb18d909-ba38-94a6-4b6b-5a94bbba9c87"" width=""0"" height=""0"" type=""application/gas-events-abn""></object>","string"
"52","pt_BR","title","CIÊNCIAS SOCIAIS APLICADAS","string"
"52","pt_BR","abbrev","CSA","string"
"52","pt_BR","policy","<object id=""48aa9b7b-7a79-9aa8-4978-38b09ab794b3"" width=""0"" height=""0"" type=""application/gas-events-abn""></object>","string"
"52","pt_BR","identifyType","\N","string"
"53","pt_BR","title","ENGENHARIAS","string"
"53","pt_BR","abbrev","ENG","string"
"53","pt_BR","policy","<object id=""d9a86bb9-ba7a-a4b1-7b08-e89578819c94"" width=""0"" height=""0"" type=""application/gas-events-abn""></object>","string"
"53","pt_BR","identifyType","\N","string"
"65","pt_BR","title","Submissões gerais","string"
"65","pt_BR","abbrev","GEN","string"
"65","pt_BR","policy","\N","string"
"55","pt_BR","abbrev","MA","string"
"55","pt_BR","policy","<object id=""ba4a6af9-d8f8-baa2-9a3a-4a860a85aea4"" width=""0"" height=""0"" type=""application/gas-events-abn""></object>","string"
"55","pt_BR","identifyType","\N","string"
"56","pt_BR","title","CIÊNCIAS EXATAS E DA TERRA","string"
"61","pt_BR","title","CIÊNCIAS SOCIAIS APLICADAS","string"
"61","pt_BR","abbrev","CSA","string"
"56","pt_BR","abbrev","CET","string"
"61","pt_BR","policy","<object id=""cb69fa58-48ea-9b81-dbaa-09b8098e809f"" width=""0"" height=""0"" type=""application/gas-events-abn""></object>","string"
"61","pt_BR","identifyType","\N","string"
"47","pt_BR","title","CIÊNCIAS EXATAS E DA TERRA","string"
"47","pt_BR","abbrev","CET","string"
"47","pt_BR","policy","<object id=""a8c9ea28-983a-afaa-1b89-7a963b868f86"" width=""0"" height=""0"" type=""application/gas-events-abn""></object>","string"
"50","pt_BR","title","CIÊNCIAS DA SAÚDE","string"
"50","pt_BR","abbrev","CS","string"
"50","pt_BR","policy","<object id=""5a0aab7a-2ab8-a493-bb5b-e98f3ba2b295"" width=""0"" height=""0"" type=""application/gas-events-abn""></object>","string"
"50","pt_BR","identifyType","\N","string"
"51","pt_BR","title","CIÊNCIAS HUMANAS","string"
"68","pt_BR","abbrev","MAC","string"
"68","pt_BR","policy","\N","string"
"68","pt_BR","identifyType","\N","string"
"69","pt_BR","title","MARAGOGI","string"
"67","pt_BR","abbrev","ARA","string"
"67","pt_BR","policy","\N","string"
"67","pt_BR","identifyType","\N","string"
"68","pt_BR","title","MACEIÓ","string"
"69","pt_BR","abbrev","MAR","string"
"69","pt_BR","policy","\N","string"
"70","pt_BR","title","MARECHAL DEODORO","string"
"70","pt_BR","policy","\N","string"
"70","pt_BR","identifyType","\N","string"
"71","pt_BR","title","MURICI","string"
"71","pt_BR","abbrev","MUR","string"
"71","pt_BR","policy","\N","string"
"71","pt_BR","identifyType","\N","string"
"72","pt_BR","title","PALMEIRA DOS ÍNDIOS","string"
"72","pt_BR","abbrev","PAL","string"
"72","pt_BR","policy","\N","string"
"72","pt_BR","identifyType","\N","string"
"73","pt_BR","title","PENEDO","string"
"73","pt_BR","abbrev","PEN","string"
"73","pt_BR","policy","\N","string"
"73","pt_BR","identifyType","\N","string"
"67","pt_BR","title","ARAPIRACA","string"
"69","pt_BR","identifyType","\N","string"
"70","pt_BR","abbrev","MAL","string"
"74","pt_BR","title","PIRANHAS","string"
"74","pt_BR","abbrev","PIR","string"
"74","pt_BR","policy","\N","string"
"74","pt_BR","identifyType","\N","string"
"75","pt_BR","title","SANTANA DO IPANEMA","string"
"75","pt_BR","abbrev","SAN","string"
"75","pt_BR","policy","\N","string"
"75","pt_BR","identifyType","\N","string"
"76","pt_BR","title","SÃO MIGUEL","string"
"76","pt_BR","abbrev","SAM","string"
"76","pt_BR","policy","\N","string"
"76","pt_BR","identifyType","\N","string"
"77","pt_BR","title","SATUBA","string"
"77","pt_BR","abbrev","SAT","string"
"77","pt_BR","policy","\N","string"
"77","pt_BR","identifyType","\N","string"
"80","pt_BR","title","ARAPIRACA","string"
"80","pt_BR","abbrev","ARA","string"
"80","pt_BR","policy","\N","string"
"80","pt_BR","identifyType","\N","string"
"81","pt_BR","title","MACEIÓ","string"
"81","pt_BR","abbrev","MAC","string"
"81","pt_BR","policy","<object id=""4a89d85b-fa2a-b695-bac9-7881baac95b2"" width=""0"" height=""0"" type=""application/gas-events-abn""></object>","string"
"81","pt_BR","identifyType","\N","string"
"82","pt_BR","title","MARAGOGI","string"
"82","pt_BR","abbrev","MAR","string"
"82","pt_BR","policy","<object id=""3a8b180a-580b-8187-1be9-0ab82ba8b2bf"" width=""0"" height=""0"" type=""application/gas-events-abn""></object>","string"
"82","pt_BR","identifyType","\N","string"
"83","pt_BR","title","MARECHAL DEODORO","string"
"83","pt_BR","abbrev","MAL","string"
"83","pt_BR","policy","<object id=""7be998ab-0a39-a793-dbd8-c8a01b8f9b9d"" width=""0"" height=""0"" type=""application/gas-events-abn""></object>","string"
"83","pt_BR","identifyType","\N","string"
"84","pt_BR","title","MURICI","string"
"84","pt_BR","abbrev","MUR","string"
"84","pt_BR","policy","<object id=""08398bfb-b92b-9f8b-da1a-399e5b8aa68f"" width=""0"" height=""0"" type=""application/gas-events-abn""></object>","string"
"84","pt_BR","identifyType","\N","string"
"85","pt_BR","title","PALMEIRA DOS ÍNDIOS","string"
"85","pt_BR","abbrev","PAL","string"
"85","pt_BR","policy","<object id=""198b59fa-398a-b491-b879-7a9f1883ba9a"" width=""0"" height=""0"" type=""application/gas-events-abn""></object>","string"
"85","pt_BR","identifyType","\N","string"
"86","pt_BR","title","PENEDO","string"
"86","pt_BR","abbrev","PEN","string"
"86","pt_BR","policy","<object id=""e8ead9d9-eae9-b7a7-68cb-faa809998b95"" width=""0"" height=""0"" type=""application/gas-events-abn""></object>","string"
"86","pt_BR","identifyType","\N","string"
"87","pt_BR","title","PIRANHAS","string"
"87","pt_BR","abbrev","PIR","string"
"87","pt_BR","policy","<object id=""da8aa868-3808-95a3-7b58-7b9c488d8fb2"" width=""0"" height=""0"" type=""application/gas-events-abn""></object>","string"
"87","pt_BR","identifyType","\N","string"
"88","pt_BR","title","SANTANA DO IPANEMA","string"
"88","pt_BR","abbrev","SAN","string"
"88","pt_BR","policy","<object id=""f8f86a59-990a-a1b0-1858-5aae2981ac89"" width=""0"" height=""0"" type=""application/gas-events-abn""></object>","string"
"88","pt_BR","identifyType","\N","string"
"89","pt_BR","title","SÃO MIGUEL","string"
"89","pt_BR","abbrev","SAM","string"
"89","pt_BR","policy","<object id=""2bf9e9e8-fbab-91bc-d9f8-a8aea9bebc92"" width=""0"" height=""0"" type=""application/gas-events-abn""></object>","string"
"89","pt_BR","identifyType","\N","string"
"90","pt_BR","title","SATUBA","string"
"90","pt_BR","abbrev","SAT","string"
"90","pt_BR","policy","<object id=""db99488a-1a7a-8cb6-29c9-7bb808a78294"" width=""0"" height=""0"" type=""application/gas-events-abn""></object>","string"
"90","pt_BR","identifyType","\N","string"
"91","pt_BR","abbrev","ARA","string"
"91","pt_BR","identifyType","\N","string"
"92","pt_BR","title","MACEIÓ","string"
"92","pt_BR","abbrev","MAC","string"
"92","pt_BR","policy","<object id=""6b89e838-8ba9-afa3-8b9a-88836887a29e"" width=""0"" height=""0"" type=""application/gas-events-abn""></object>","string"
"92","pt_BR","identifyType","\N","string"
"93","pt_BR","title","MARAGOGI","string"
"93","pt_BR","abbrev","MAR","string"
"93","pt_BR","policy","<object id=""7ad8882a-19e8-ada9-5aea-a9848bb0ad87"" width=""0"" height=""0"" type=""application/gas-events-abn""></object>","string"
"93","pt_BR","identifyType","\N","string"
"94","pt_BR","title","MARECHAL DEODORO","string"
"94","pt_BR","abbrev","MAL","string"
"94","pt_BR","identifyType","\N","string"
"95","pt_BR","title","MURICI","string"
"95","pt_BR","abbrev","MUR","string"
"95","pt_BR","policy","<object id=""992a680a-6829-8981-5898-1bb13996af91"" width=""0"" height=""0"" type=""application/gas-events-abn""></object>","string"
"95","pt_BR","identifyType","\N","string"
"96","pt_BR","title","PALMEIRA DOS ÍNDIOS","string"
"96","pt_BR","abbrev","PAL","string"
"96","pt_BR","policy","<object id=""6bea6ae9-fb0a-8a93-8b09-0ba61ab3b685"" width=""0"" height=""0"" type=""application/gas-events-abn""></object>","string"
"96","pt_BR","identifyType","\N","string"
"97","pt_BR","title","PENEDO","string"
"97","pt_BR","abbrev","PEN","string"
"97","pt_BR","policy","<object id=""4bab6b9b-5b0b-a792-39e8-0abc5b988482"" width=""0"" height=""0"" type=""application/gas-events-abn""></object>","string"
"97","pt_BR","identifyType","\N","string"
"98","pt_BR","title","PIRANHAS","string"
"98","pt_BR","abbrev","PIR","string"
"98","pt_BR","policy","<object id=""fa3b1939-e838-858e-1878-d9bdf9948391"" width=""0"" height=""0"" type=""application/gas-events-abn""></object>","string"
"98","pt_BR","identifyType","\N","string"
"91","pt_BR","title","ARAPIRACA","string"
"91","pt_BR","policy","<object id=""6ac8dbe9-49db-a8b5-988b-8a8b899885a6"" width=""0"" height=""0"" type=""application/gas-events-abn""></object>","string"
"94","pt_BR","policy","<object id=""991b8bba-a909-adb5-b978-18ba18909d94"" width=""0"" height=""0"" type=""application/gas-events-abn""></object>","string"
"99","pt_BR","title","SANTANA DO IPANEMA","string"
"99","pt_BR","abbrev","SAN","string"
"99","pt_BR","policy","<object id=""092b7a88-28fb-8fa9-99bb-08bc0981a08f"" width=""0"" height=""0"" type=""application/gas-events-abn""></object>","string"
"99","pt_BR","identifyType","\N","string"
"100","pt_BR","title","SÃO MIGUEL","string"
"100","pt_BR","abbrev","SAM","string"
"100","pt_BR","policy","<object id=""ca18fa5a-985b-84a0-7bba-2ba58b8bac8b"" width=""0"" height=""0"" type=""application/gas-events-abn""></object>","string"
"100","pt_BR","identifyType","\N","string"
"101","pt_BR","title","SATUBA","string"
"101","pt_BR","abbrev","SAT","string"
"101","pt_BR","policy","<object id=""88f9bb1a-0bcb-ba9a-cb79-f9b408b492b3"" width=""0"" height=""0"" type=""application/gas-events-abn""></object>","string"
"101","pt_BR","identifyType","\N","string"
"131","pt_BR","title","Submissões gerais","string"
"131","pt_BR","abbrev","GEN","string"
"131","pt_BR","policy","\N","string"
"121","pt_BR","identifyType","\N","string"
"119","pt_BR","abbrev","CET","string"
"111","pt_BR","title","CIÊNCIAS DA SAÚDE","string"
"111","pt_BR","abbrev","CS","string"
"111","pt_BR","policy","\N","string"
"111","pt_BR","identifyType","\N","string"
"113","pt_BR","title","CIÊNCIAS SOCIAIS APLICADAS","string"
"114","pt_BR","identifyType","\N","string"
"135","pt_BR","abbrev","EE","string"
"115","pt_BR","abbrev","LLA","string"
"115","pt_BR","policy","\N","string"
"112","pt_BR","abbrev","CH","string"
"112","pt_BR","policy","\N","string"
"112","pt_BR","identifyType","\N","string"
"119","pt_BR","title","CIÊNCIAS EXATAS E DA TERRA","string"
"115","pt_BR","identifyType","\N","string"
"114","pt_BR","title","ENGENHARIAS","string"
"113","pt_BR","abbrev","CSA","string"
"113","pt_BR","policy","\N","string"
"113","pt_BR","identifyType","\N","string"
"117","pt_BR","title","MULTIDISCIPLINAR","string"
"114","pt_BR","abbrev","ENG","string"
"114","pt_BR","policy","\N","string"
"117","pt_BR","abbrev","MD","string"
"117","pt_BR","policy","\N","string"
"117","pt_BR","identifyType","\N","string"
"115","pt_BR","title","LINGUÍSTICA, LETRAS E ARTES","string"
"131","pt_BR","identifyType","\N","string"
"120","pt_BR","abbrev","CA","string"
"120","pt_BR","policy","\N","string"
"120","pt_BR","identifyType","\N","string"
"121","pt_BR","title","CIÊNCIAS BIOLÓGICAS","string"
"121","pt_BR","abbrev","CB","string"
"121","pt_BR","policy","\N","string"
"123","pt_BR","title","CIÊNCIAS DA SAÚDE","string"
"123","pt_BR","abbrev","CS","string"
"123","pt_BR","policy","\N","string"
"123","pt_BR","identifyType","\N","string"
"125","pt_BR","title","CIÊNCIAS HUMANAS","string"
"125","pt_BR","abbrev","CH","string"
"125","pt_BR","policy","\N","string"
"125","pt_BR","identifyType","\N","string"
"126","pt_BR","title","CIÊNCIAS SOCIAIS APLICADAS","string"
"126","pt_BR","abbrev","CSA","string"
"126","pt_BR","policy","\N","string"
"126","pt_BR","identifyType","\N","string"
"127","pt_BR","title","ENGENHARIAS","string"
"127","pt_BR","abbrev","ENG","string"
"127","pt_BR","policy","\N","string"
"127","pt_BR","identifyType","\N","string"
"128","pt_BR","title","LINGUÍSTICA, LETRAS E ARTES","string"
"128","pt_BR","abbrev","LLA","string"
"128","pt_BR","policy","\N","string"
"128","pt_BR","identifyType","\N","string"
"130","pt_BR","title","MULTIDISCIPLINAR","string"
"130","pt_BR","abbrev","MD","string"
"130","pt_BR","policy","\N","string"
"130","pt_BR","identifyType","\N","string"
"108","pt_BR","title","CIÊNCIAS EXATAS E DA TERRA","string"
"108","pt_BR","abbrev","CET","string"
"108","pt_BR","policy","\N","string"
"108","pt_BR","identifyType","\N","string"
"109","pt_BR","title","CIÊNCIAS AGRÁRIAS","string"
"119","pt_BR","policy","\N","string"
"119","pt_BR","identifyType","\N","string"
"120","pt_BR","title","CIÊNCIAS AGRÁRIAS","string"
"133","pt_BR","title","Submissões gerais","string"
"133","pt_BR","abbrev","GEN","string"
"133","pt_BR","policy","\N","string"
"109","pt_BR","abbrev","CA","string"
"109","pt_BR","policy","\N","string"
"109","pt_BR","identifyType","\N","string"
"110","pt_BR","title","CIÊNCIAS BIOLÓGICAS","string"
"110","pt_BR","abbrev","CB","string"
"110","pt_BR","policy","\N","string"
"110","pt_BR","identifyType","\N","string"
"135","pt_BR","identifyType","\N","string"
"137","pt_BR","abbrev","CSA","string"
"136","pt_BR","title","CIÊNCIAS BIOLÓGICAS","string"
"137","pt_BR","policy","\N","string"
"135","pt_BR","policy","\N","string"
"132","pt_BR","title","Submissões gerais","string"
"137","pt_BR","title","CIÊNCIAS DA SAÚDE E DO AMBIENTE","string"
"112","pt_BR","title","CIÊNCIAS HUMANAS","string"
"132","pt_BR","abbrev","GEN","string"
"132","pt_BR","policy","\N","string"
"136","pt_BR","policy","\N","string"
"136","pt_BR","identifyType","\N","string"
"138","pt_BR","title","CIÊNCIAS AGRÁRIAS","string"
"136","pt_BR","abbrev","CB","string"
"137","pt_BR","identifyType","\N","string"
"138","pt_BR","abbrev","CA","string"
"138","pt_BR","policy","\N","string"
"138","pt_BR","identifyType","\N","string"
"139","pt_BR","abbrev","CH","string"
"139","pt_BR","policy","\N","string"
"140","pt_BR","title","CULTURA","string"
"139","pt_BR","title","CIÊNCIAS HUMANAS","string"
"139","pt_BR","identifyType","\N","string"
"140","pt_BR","abbrev","C","string"
"140","pt_BR","policy","\N","string"
"140","pt_BR","identifyType","\N","string"
"166","pt_BR","title","Penedo","string"
"157","pt_BR","abbrev","Arapiraca","string"
"157","pt_BR","policy","\N","string"
"157","pt_BR","identifyType","\N","string"
"158","pt_BR","policy","\N","string"
"158","pt_BR","identifyType","\N","string"
"149","pt_BR","title","Palmeira dos Indios","string"
"144","pt_BR","title","Maceió","string"
"159","pt_BR","abbrev","Maragogi","string"
"159","pt_BR","policy","\N","string"
"159","pt_BR","identifyType","\N","string"
"160","pt_BR","policy","\N","string"
"160","pt_BR","identifyType","\N","string"
"158","pt_BR","abbrev","Maceió","string"
"160","pt_BR","title","Marechal Deodoro","string"
"161","pt_BR","title","Murici","string"
"161","pt_BR","abbrev","Murici","string"
"161","pt_BR","policy","\N","string"
"161","pt_BR","identifyType","\N","string"
"162","pt_BR","abbrev","Palmeira dos Indios","string"
"162","pt_BR","policy","\N","string"
"162","pt_BR","identifyType","\N","string"
"146","pt_BR","title","Maragogi","string"
"163","pt_BR","title","Piranhas","string"
"163","pt_BR","abbrev","Piranhas","string"
"163","pt_BR","policy","\N","string"
"163","pt_BR","identifyType","\N","string"
"164","pt_BR","title","Satuba","string"
"168","pt_BR","title","UAB","string"
"168","pt_BR","abbrev","UAB","string"
"168","pt_BR","policy","\N","string"
"168","pt_BR","identifyType","\N","string"
"167","pt_BR","abbrev","Santana do Ipanema","string"
"167","pt_BR","policy","\N","string"
"167","pt_BR","identifyType","\N","string"
"135","pt_BR","title","EDUCAÇÃO E ENSINO","string"
"166","pt_BR","policy","\N","string"
"166","pt_BR","identifyType","\N","string"
"153","pt_BR","title","Penedo","string"
"167","pt_BR","title","Santana do Ipanema","string"
"165","pt_BR","abbrev","São Miguel dos Campu","string"
"165","pt_BR","policy","\N","string"
"165","pt_BR","identifyType","\N","string"
"166","pt_BR","abbrev","Penedo","string"
"164","pt_BR","abbrev","Satuba","string"
"164","pt_BR","policy","\N","string"
"164","pt_BR","identifyType","\N","string"
"165","pt_BR","title","São Miguel dos Campus","string"
"146","pt_BR","abbrev","Maragogi","string"
"146","pt_BR","policy","\N","string"
"146","pt_BR","identifyType","\N","string"
"159","pt_BR","title","Maragogi","string"
"147","pt_BR","title","Marechal Deodoro","string"
"147","pt_BR","abbrev","Marechal Deodoro","string"
"147","pt_BR","policy","\N","string"
"147","pt_BR","identifyType","\N","string"
"148","pt_BR","title","Murici","string"
"148","pt_BR","abbrev","Murici","string"
"148","pt_BR","policy","\N","string"
"148","pt_BR","identifyType","\N","string"
"149","pt_BR","abbrev","Palmeira dos Indios","string"
"149","pt_BR","policy","\N","string"
"149","pt_BR","identifyType","\N","string"
"162","pt_BR","title","Palmeira dos Indios","string"
"150","pt_BR","title","Piranhas","string"
"150","pt_BR","abbrev","Piranhas","string"
"150","pt_BR","policy","\N","string"
"150","pt_BR","identifyType","\N","string"
"151","pt_BR","title","Satuba","string"
"151","pt_BR","abbrev","Satuba","string"
"151","pt_BR","policy","\N","string"
"151","pt_BR","identifyType","\N","string"
"152","pt_BR","title","São Miguel dos Campus","string"
"152","pt_BR","abbrev","São Miguel dos Campu","string"
"152","pt_BR","policy","\N","string"
"152","pt_BR","identifyType","\N","string"
"153","pt_BR","abbrev","Penedo","string"
"153","pt_BR","policy","\N","string"
"153","pt_BR","identifyType","\N","string"
"160","pt_BR","abbrev","Marechal Deodoro","string"
"154","pt_BR","title","Santana do Ipanema","string"
"154","pt_BR","abbrev","Santana do Ipanema","string"
"154","pt_BR","policy","\N","string"
"154","pt_BR","identifyType","\N","string"
"157","pt_BR","title","Arapiraca","string"
"144","pt_BR","abbrev","Maceió","string"
"144","pt_BR","policy","\N","string"
"144","pt_BR","identifyType","\N","string"
"158","pt_BR","title","Maceió","string"
"155","pt_BR","title","UAB","string"
"155","pt_BR","abbrev","UAB","string"
"155","pt_BR","policy","\N","string"
"155","pt_BR","identifyType","\N","string"
"145","pt_BR","policy","\N","string"
"145","pt_BR","title","Arapiraca","string"
"145","pt_BR","abbrev","Arapiraca","string"
"145","pt_BR","identifyType","\N","string"
"132","pt_BR","identifyType","\N","string"
"170","pt_BR","title","REITORIA","string"
"170","pt_BR","abbrev","REITORIA","string"
"170","pt_BR","policy","\N","string"
"170","pt_BR","identifyType","\N","string"
"171","pt_BR","title","EAD","string"
"171","pt_BR","abbrev","EAD","string"
"171","pt_BR","policy","\N","string"
"171","pt_BR","identifyType","\N","string"
"198","pt_BR","title","Submissões gerais","string"
"198","pt_BR","abbrev","GEN","string"
"198","pt_BR","policy","\N","string"
"199","pt_BR","title","Submissões gerais","string"
"199","pt_BR","abbrev","GEN","string"
"199","pt_BR","policy","\N","string"
"200","pt_BR","title","Submissões gerais","string"
"200","pt_BR","abbrev","GEN","string"
"200","pt_BR","policy","\N","string"
"201","pt_BR","title","Submissões gerais","string"
"201","pt_BR","abbrev","GEN","string"
"201","pt_BR","policy","\N","string"
"202","pt_BR","title","Submissões gerais","string"
"202","pt_BR","abbrev","GEN","string"
"202","pt_BR","policy","\N","string"
"187","pt_BR","policy","\N","string"
"187","pt_BR","identifyType","\N","string"
"174","pt_BR","title","ARAPIRACA","string"
"188","pt_BR","abbrev","MAC","string"
"188","pt_BR","identifyType","\N","string"
"187","pt_BR","title","ARAPIRACA","string"
"189","pt_BR","policy","\N","string"
"174","pt_BR","abbrev","ARA","string"
"177","pt_BR","abbrev","MD","string"
"177","pt_BR","policy","\N","string"
"177","pt_BR","identifyType","\N","string"
"191","pt_BR","abbrev","MUR","string"
"191","pt_BR","policy","\N","string"
"191","pt_BR","identifyType","\N","string"
"189","pt_BR","title","MARAGOGI","string"
"197","pt_BR","policy","\N","string"
"193","pt_BR","abbrev","PEN","string"
"193","pt_BR","policy","\N","string"
"193","pt_BR","identifyType","\N","string"
"192","pt_BR","title","PALMEIRA DOS ÍNDIOS","string"
"195","pt_BR","abbrev","SI","string"
"195","pt_BR","policy","\N","string"
"195","pt_BR","identifyType","\N","string"
"194","pt_BR","title","PIRANHAS","string"
"188","pt_BR","title","MACEIÓ","string"
"188","pt_BR","policy","\N","string"
"187","pt_BR","abbrev","ARA","string"
"184","pt_BR","title","SATUBA","string"
"192","pt_BR","abbrev","PI","string"
"192","pt_BR","policy","\N","string"
"192","pt_BR","identifyType","\N","string"
"191","pt_BR","title","MURICI","string"
"194","pt_BR","abbrev","PIR","string"
"194","pt_BR","policy","\N","string"
"194","pt_BR","identifyType","\N","string"
"193","pt_BR","title","PENEDO","string"
"196","pt_BR","policy","\N","string"
"196","pt_BR","identifyType","\N","string"
"197","pt_BR","abbrev","SAT","string"
"197","pt_BR","identifyType","\N","string"
"177","pt_BR","title","MARECHAL DEODORO","string"
"195","pt_BR","title","SANTANA DO IPANEMA","string"
"196","pt_BR","abbrev","SM","string"
"174","pt_BR","policy","\N","string"
"174","pt_BR","identifyType","\N","string"
"175","pt_BR","title","MACEIÓ","string"
"175","pt_BR","abbrev","MAC","string"
"175","pt_BR","policy","\N","string"
"189","pt_BR","abbrev","MAR","string"
"175","pt_BR","identifyType","\N","string"
"176","pt_BR","title","MARAGOGI","string"
"176","pt_BR","abbrev","MAR","string"
"176","pt_BR","policy","\N","string"
"176","pt_BR","identifyType","\N","string"
"190","pt_BR","abbrev","MD","string"
"197","pt_BR","title","SATUBA","string"
"178","pt_BR","title","MURICI","string"
"178","pt_BR","abbrev","MUR","string"
"178","pt_BR","policy","\N","string"
"178","pt_BR","identifyType","\N","string"
"179","pt_BR","title","PALMEIRA DOS ÍNDIOS","string"
"179","pt_BR","abbrev","PI","string"
"179","pt_BR","policy","\N","string"
"179","pt_BR","identifyType","\N","string"
"180","pt_BR","title","PENEDO","string"
"180","pt_BR","abbrev","PEN","string"
"180","pt_BR","policy","\N","string"
"180","pt_BR","identifyType","\N","string"
"181","pt_BR","title","PIRANHAS","string"
"181","pt_BR","abbrev","PIR","string"
"181","pt_BR","policy","\N","string"
"181","pt_BR","identifyType","\N","string"
"182","pt_BR","title","SANTANA DO IPANEMA","string"
"182","pt_BR","abbrev","SI","string"
"182","pt_BR","policy","\N","string"
"182","pt_BR","identifyType","\N","string"
"183","pt_BR","abbrev","SM","string"
"183","pt_BR","policy","\N","string"
"183","pt_BR","identifyType","\N","string"
"196","pt_BR","title","SÃO MIGUEL","string"
"184","pt_BR","abbrev","SAT","string"
"184","pt_BR","policy","\N","string"
"184","pt_BR","identifyType","\N","string"
"183","pt_BR","title","SÃO MIGUEL","string"
"185","pt_BR","title","REITORIA","string"
"185","pt_BR","abbrev","REI","string"
"185","pt_BR","policy","\N","string"
"185","pt_BR","identifyType","\N","string"
"186","pt_BR","abbrev","EAD","string"
"186","pt_BR","policy","\N","string"
"186","pt_BR","identifyType","\N","string"
"190","pt_BR","title","MARECHAL DEODORO","string"
"186","pt_BR","title","EAD","string"
"207","pt_BR","policy","\N","string"
"207","pt_BR","identifyType","\N","string"
"205","pt_BR","title","CIÊNCIAS BIOLÓGICAS","string"
"205","pt_BR","abbrev","CB","string"
"205","pt_BR","policy","\N","string"
"205","pt_BR","identifyType","\N","string"
"206","pt_BR","title","CIÊNCIAS DA SAÚDE E DO AMBIENTE","string"
"206","pt_BR","abbrev","CSA","string"
"206","pt_BR","policy","\N","string"
"206","pt_BR","identifyType","\N","string"
"214","pt_BR","abbrev","MAD","string"
"214","pt_BR","policy","\N","string"
"214","pt_BR","identifyType","\N","string"
"215","pt_BR","title","MURICI","string"
"208","pt_BR","title","CIÊNCIAS HUMANAS","string"
"208","pt_BR","abbrev","CH","string"
"208","pt_BR","policy","\N","string"
"208","pt_BR","identifyType","\N","string"
"209","pt_BR","title","CULTURA","string"
"209","pt_BR","abbrev","C","string"
"209","pt_BR","policy","\N","string"
"209","pt_BR","identifyType","\N","string"
"189","pt_BR","identifyType","\N","string"
"211","pt_BR","title","MACEIÓ","string"
"211","pt_BR","abbrev","MAC","string"
"211","pt_BR","policy","\N","string"
"211","pt_BR","identifyType","\N","string"
"212","pt_BR","title","ARAPIRACA","string"
"212","pt_BR","abbrev","ara","string"
"212","pt_BR","policy","\N","string"
"212","pt_BR","identifyType","\N","string"
"213","pt_BR","title","MARAGOGI","string"
"213","pt_BR","abbrev","MAR","string"
"213","pt_BR","policy","\N","string"
"213","pt_BR","identifyType","\N","string"
"214","pt_BR","title","MARECHAL DEODORO","string"
"215","pt_BR","abbrev","MUR","string"
"215","pt_BR","policy","\N","string"
"215","pt_BR","identifyType","\N","string"
"221","pt_BR","title","SATUBA","string"
"221","pt_BR","abbrev","SAT","string"
"221","pt_BR","policy","\N","string"
"221","pt_BR","identifyType","\N","string"
"220","pt_BR","title","SÃO MIGUEL","string"
"220","pt_BR","abbrev","SM","string"
"220","pt_BR","policy","\N","string"
"220","pt_BR","identifyType","\N","string"
"219","pt_BR","title","SANTANA DO IPANEMA","string"
"219","pt_BR","abbrev","SI","string"
"219","pt_BR","policy","\N","string"
"219","pt_BR","identifyType","\N","string"
"218","pt_BR","title","PIRANHAS","string"
"218","pt_BR","abbrev","PIR","string"
"218","pt_BR","policy","\N","string"
"218","pt_BR","identifyType","\N","string"
"217","pt_BR","title","PENEDO","string"
"217","pt_BR","abbrev","PEN","string"
"217","pt_BR","policy","\N","string"
"217","pt_BR","identifyType","\N","string"
"216","pt_BR","title","PALMEIRA DOS ÍNDIOS","string"
"216","pt_BR","abbrev","PI","string"
"216","pt_BR","policy","\N","string"
"216","pt_BR","identifyType","\N","string"
"222","pt_BR","title","Submissões gerais","string"
"222","pt_BR","abbrev","GEN","string"
"222","pt_BR","policy","\N","string"
"223","pt_BR","title","VIÇOSA","string"
"223","pt_BR","abbrev","vi","string"
"223","pt_BR","policy","\N","string"
"223","pt_BR","identifyType","\N","string"
"224","pt_BR","title","CORURIPE","string"
"224","pt_BR","abbrev","CO","string"
"224","pt_BR","policy","\N","string"
"224","pt_BR","identifyType","\N","string"
"227","pt_BR","title","DEPEAD","string"
"227","pt_BR","abbrev","DEPEAD","string"
"227","pt_BR","policy","\N","string"
"227","pt_BR","identifyType","\N","string"
"226","pt_BR","title","REITORIA","string"
"226","pt_BR","abbrev","R","string"
"226","pt_BR","policy","\N","string"
"226","pt_BR","identifyType","\N","string"
"225","pt_BR","title","RIO LARGO","string"
"225","pt_BR","abbrev","RL","string"
"225","pt_BR","policy","\N","string"
"225","pt_BR","identifyType","\N","string"
"228","pt_BR","title","RIO LARGO","string"
"228","pt_BR","abbrev","RL","string"
"228","pt_BR","policy","\N","string"
"228","pt_BR","identifyType","\N","string"
"190","pt_BR","policy","\N","string"
"190","pt_BR","identifyType","\N","string"
"204","pt_BR","title","EDUCAÇÃO E ENSINO","string"
"204","pt_BR","abbrev","EE","string"
"204","pt_BR","policy","\N","string"
"204","pt_BR","identifyType","\N","string"
"207","pt_BR","title","CIÊNCIAS AGRÁRIAS","string"
"207","pt_BR","abbrev","CA","string"
"230","pt_BR","title","CIÊNCIAS BIOLÓGICAS","string"
"230","pt_BR","abbrev","CBIO","string"
"230","pt_BR","policy","\N","string"
"230","pt_BR","identifyType","\N","string"
"231","pt_BR","title","ENGENHARIAS","string"
"231","pt_BR","abbrev","ENG","string"
"231","pt_BR","policy","\N","string"
"231","pt_BR","identifyType","\N","string"
"232","pt_BR","title","CIÊNCIAS DA SAÚDE","string"
"232","pt_BR","abbrev","CSAU","string"
"232","pt_BR","policy","\N","string"
"232","pt_BR","identifyType","\N","string"
"233","pt_BR","title","CIÊNCIAS AGRÁRIAS","string"
"233","pt_BR","abbrev","CAGR","string"
"233","pt_BR","policy","\N","string"
"233","pt_BR","identifyType","\N","string"
"234","pt_BR","title","CIÊNCIAS SOCIAIS APLICADAS","string"
"234","pt_BR","abbrev","CSAP","string"
"234","pt_BR","policy","\N","string"
"234","pt_BR","identifyType","\N","string"
"235","pt_BR","title","CIÊNCIAS HUMANAS","string"
"235","pt_BR","abbrev","CHUM","string"
"235","pt_BR","policy","\N","string"
"235","pt_BR","identifyType","\N","string"
"236","pt_BR","title","LINGUÍSTICA, LETRAS E ARTES","string"
"236","pt_BR","abbrev","LLA","string"
"236","pt_BR","policy","\N","string"
"236","pt_BR","identifyType","\N","string"
"229","pt_BR","title","CIÊNCIAS EXATAS E DA TERRA","string"
"229","pt_BR","abbrev","CET","string"
"229","pt_BR","policy","\N","string"
"229","pt_BR","identifyType","\N","string"
"237","pt_BR","title","MULTIDISCIPLINAR","string"
"237","pt_BR","abbrev","MULT","string"
"237","pt_BR","policy","<span style=""font-size: 12.8px;""></span>","string"
"237","pt_BR","identifyType","\N","string"
"238","pt_BR","title","Submissões gerais","string"
"238","pt_BR","abbrev","GEN","string"
"238","pt_BR","policy","\N","string"
